INFO;2023-08-24 20:05:13,973;complete_message;try_0;123;FULL;150;28;1512;Kannst du mir folgende Frage beantworten:   Wie geht es ihnen?  . Hier ist etwas Zusatzinformation und Hintergrundwissen zu der Frage:  militer ya kak?""Iya.""Hehehehe oke kak, saya siap siap dulu ya!""Iya. Semangat ya, Sa.----Aeera--Aeera--Aeera--Unbecoming--894Brad Salmeron--Nick Wignall--296Zulie RaneinThe Startup--895Karen NimmoinOn The Couch--54The PyCoachinArtificial Corner--567HelpStatusWritersBlogCareersPrivacyTermsAboutText to speechTeams;Entschuldigung, aber ich kann keine Informationen aus dem gegebenen Text extrahieren, um Ihre Frage zu beantworten.
INFO;2023-08-24 20:05:37,369;complete_message;try_0;123;FULL;315;137;5087;Kannst du mir folgende Frage beantworten:   Was ist Julia?  . Hier ist etwas Zusatzinformation und Hintergrundwissen zu der Frage:  Raccogli i numeri di telefono dei clienti per comunicare quando arrivano le novit, quando organizzi promozioni e vendite speciali e i tuoi sconti nei periodi dei saldi.Hai uno studio dentistico, unautofficina, una qualsiasi attivit che svolgi su appuntamento? Puoi ricordare gli appuntamenti un giorno prima e sfruttare la funzione di ricezione dei messaggi per chiedere una risposta di conferma: evitare buchi nel calendario ti permette di organizzare meglio il tuo lavoro quotidiano.Inoltre, puoi ricordare ai tuoi clienti le attivit ricorrenti che avvengono una o poche volte lanno: la pulizia dei denti semestrale, la data del tagliando, il controllo medico annuale.Stai organizzando un matrimonio, una festa importante, un evento unico? Puoi creare una lista dei partecipanti e invitati con i loro numeri di telefono e programmare gli invii necessari.Invito, reminder pochi giorni prima, invio della cartina e delle indicazioni del luogo dellevento, e magari un SMS finale di ringraziamento o;Julia ist eine Software oder eine Anwendung, mit der Benutzer Telefonnummern von Kunden sammeln können, um sie über Neuigkeiten, Sonderaktionen, Verkäufe und Rabatte zu informieren. Es kann auch bei der Terminerinnerung und -bestätigung für Dienstleistungen wie Zahnarztbesuche, Autoreparaturen und andere vereinbarte Termine verwendet werden. Darüber hinaus können mit Julia Teilnehmerlisten für Veranstaltungen wie Hochzeiten, wichtige Feiern oder andere einmalige Ereignisse erstellt und Nachrichten an die Teilnehmer gesendet werden.
INFO;2023-08-24 20:05:57,525;complete_message;try_0;123;FULL;111;161;6861;Kannst du mir folgende Frage beantworten:   Was ist Julia (Programmiersprache)  . Hier ist etwas Zusatzinformation und Hintergrundwissen zu der Frage:  C , System Programming and others .Girish Venkatachalam--Rishabh Agarwal--Madhan Chinnasamy--Ron KaminskyinOSINT TEAM--2Sandesh Shetty--Network N!nja--HelpStatusWritersBlogCareersPrivacyTermsAboutText to speechTeams;Ja, ich kann dir die Frage beantworten:   Julia ist eine Programmiersprache, die für numerisches Rechnen und wissenschaftliches Computing entwickelt wurde. Sie wurde erstmals im Jahr 2012 veröffentlicht und vereint die Leistungsfähigkeit verschiedener Programmiersprachen wie Python, R, Matlab und C.   Julia zielt darauf ab, eine höhere Ausführungsgeschwindigkeit als andere Produkte zu erreichen, und wird oft von Wissenschaftlern, Ingenieuren und Datenanalysten verwendet, um komplexe Berechnungen durchzuführen. Sie bietet Funktionen für paralleles Computing, Datenvisualisierung, maschinelles Lernen und viele andere Bereiche der Datenverarbeitung.
INFO;2023-08-24 20:39:35,498;complete_message;try_0;123;FULL;222;280;9386;Kannst du mir folgende Frage beantworten:   What is Java?  . Hier ist etwas Zusatzinformation und Hintergrundwissen zu der Frage:  Chinmay ShringiFollow--ListenShareHello there, budding tech enthusiast! If youre reading this, chances are, youre a college student looking to delve into the fascinating world of operating systems. This article is designed as a comprehensive guide to provide an overview and deepen your understanding of operating systems, their components, functions, and more.At its core, an operating system (OS) is software that serves as the interface between the user and the hardware of a computer or a computing device. It manages hardware resources, enables user interaction, and provides a platform for other software applications to run.Operating systems play several vital roles:Lets now get a closer look at the essential components that make up an operating system:While there are numerous operating systems available, well focus on the four primary types:A hands-on approach is the best way to understand operating systems:Understanding operating systems might seem daunting at first, but remember that;Java is a high-level programming language and computing platform that is widely used for developing and running applications. Originally developed by Sun Microsystems (now owned by Oracle Corporation), Java is known for its simplicity, object-oriented approach, and platform independence. This means that Java programs can run on any device or operating system that has a Java Virtual Machine (JVM) installed.  One of the key features of Java is its "write once, run anywhere" capability, which allows developers to write code once and run it on multiple platforms without the need for recompilation. This is achieved through the use of a virtual machine, which translates Java bytecode into machine code at runtime.  Java is used in various fields, including web and mobile application development, enterprise software development, scientific research, and more. It has a large ecosystem of libraries and frameworks that make it easier to build complex applications.  In addition to its versatility, Java is also known for its robustness, security, and scalability. It has a garbage collection mechanism that automatically manages memory, reducing the risk of memory leaks and other errors. Java also offers built-in security features, such as sandboxing and access control, to protect against malicious code execution.  Overall, Java is a powerful and widely adopted programming language that is used in a wide range of applications and industries. Its platform independence, simplicity, and extensive library support make it a popular choice for developers worldwide.
INFO;2023-08-24 23:06:16,034;complete_message;try_0;123;FULL;268;233;9257;Kannst du mir folgende Frage beantworten:   Was ist NixOs?  . Hier ist etwas Zusatzinformation und Hintergrundwissen zu der Frage:  acronym for GNUs Not Unix, second, because it was a real word, and third, it was fun to say (or sing).The word free in free software pertains to freedom, not price. You may or may not pay a price to get GNU software. Either way, once you have the software you have four specific freedoms in using it. The freedom to run the program as you wish; the freedom to copy the program and give it away to your friends and co-workers; the freedom to change the program as you wish, by having full access to source code; the freedom to distribute an improved version and thus help build the community. (If you redistribute GNU software, you may charge a fee for the physical act of transferring a copy, or you may give away copies.)August 25 , 1991 is the day , Linux changed the world . Linus Torvalds is the creator of the Linux Kernel , ( Linux is a Kernel not an OS ) . Linus was a computer student at the university of Helsinki , Finland  .He wanted to have the same operating system they had in the;NixOS ist ein Betriebssystem, das auf dem Nix-Paketmanager basiert. Es zeichnet sich durch eine deklarative Konfiguration aus, bei der das gesamte Systemzustandsmodell in einer einzigen, reproduzierbaren Datei beschrieben wird. Dies ermöglicht eine einheitliche und vollständig reproduzierbare Bereitstellung von Software und Konfigurationen.  NixOS unterstützt atomare Upgrades und Rollbacks, was bedeutet, dass das Betriebssystem als Ganzes aktualisiert werden kann, während alte Versionen beibehalten werden können. Dies erleichtert die Systemwartung und die Fehlerbehebung erheblich.  Darüber hinaus ermöglicht NixOS das Erstellen von Umgebungen (sogenannten "Umgebungsmodellen" oder "Flakes"), die die Entwicklung von Anwendungen und die Bereitstellung von Software vereinfachen sollen.  Insgesamt ist NixOS eine alternative Distribution, die innovative Ansätze für die Softwarebereitstellung und Systemkonfiguration bietet.
INFO;2023-08-24 23:12:07,404;complete_message;try_0;123;FULL;202;140;5718;Kannst du mir folgende Frage beantworten:   Was ist HTML?  . Hier ist etwas Zusatzinformation und Hintergrundwissen zu der Frage:  almaktr. Gvenlik konusundaki hassasiyetimiz ve mteri odakl yaklammz sayesinde, Uygun SMS, SMS dorulama hizmetleri alannda tercih edilen bir marka haline gelmitir.https://uygunsms.com/sitemap.xml----En kaliteli ve profesyonel SEO hizmeti satn almak iin en doru adres: Wia SEOWia SEO--Wia SEO--Wia SEO--Wia SEO--Biruk Bogale--Anas Ibrahim--1Rocco PendolainCrows Feet--51Gwen Leigh--Abdul Qadir--Artem--HelpStatusWritersBlogCareersPrivacyTermsAboutText to speechTeams;HTML (Hypertext Markup Language) ist eine Auszeichnungssprache zur Strukturierung von Inhalten auf Webseiten. Es ermöglicht das Erstellen von Hypertext-Dokumenten, die verschiedenste Medien wie Text, Bilder, Videos und Links enthalten können. HTML verwendet Tags oder Elemente, um den Inhalt zu kennzeichnen und ihm eine bestimmte Bedeutung oder Struktur zuzuweisen. Diese Tags werden im Quellcode einer Webseite eingefügt und vom Webbrowser interpretiert, um die Webseite entsprechend darzustellen. HTML ist ein grundlegendes Werkzeug beim Erstellen und Gestalten von Webseiten.
INFO;2023-08-24 23:12:29,686;complete_message;try_0;123;FULL;195;148;5449;Kannst du mir folgende Frage beantworten:   Was ist Javascript?  . Hier ist etwas Zusatzinformation und Hintergrundwissen zu der Frage:  its a progressive journey. Take your time, explore, and experiment. With perseverance and patience, youll find yourself becoming increasingly comfortable with the subject. Good luck on your journey into the heart of your computer!----Full-stack developer turning coffee into code. Github: ChinmayShringi Insta: chinmay_shringiChinmay Shringi--Chinmay Shringi--Chinmay Shringi--Chinmay Shringi--1Sunny Raajput--6Nick Wignall--42Margaret PaninBooks Are Our Superpower--47Barr MosesinTowards Data Science--6Echo YininWomen in Technology--Shivam Kumar--HelpStatusWritersBlogCareersPrivacyTermsAboutText to speechTeams;Ja, ich kann dir die Frage beantworten. JavaScript ist eine Programmiersprache, die hauptsächlich für die Entwicklung von interaktiven Websites verwendet wird. Es ermöglicht Entwicklern, Funktionen und Eigenschaften zu einer Webseite hinzuzufügen und somit die Benutzererfahrung zu verbessern. JavaScript kann für verschiedene Aufgaben eingesetzt werden, wie z.B. das Validieren von Formularen, das Verwalten von Animationen und das Aktualisieren von Inhalten dynamisch ohne die Notwendigkeit einer Seite neu zu laden. Es ist eine der grundlegenden Technologien des World Wide Web und wird von den meisten Webbrowsern unterstützt.
INFO;2023-08-24 23:14:39,092;complete_message;try_0;123;FULL;242;111;4921;Kannst du mir folgende Frage beantworten:   Was ist css?  . Hier ist etwas Zusatzinformation und Hintergrundwissen zu der Frage:  SystemsThere are many different operating systems in use today, each with its own unique features and characteristics. Some examples of popular operating systems include:ConclusionOperating systems are a critical component of modern computing. They provide a platform for applications to run on, manage system resources such as memory and processing power, and ensure the security and stability of the system. There are many different operating systems in use today, each with its own unique features and characteristics. Understanding the components and role of operating systems is essential for anyone involved in the development or management of computer systems.----Tech, Writer, IT SupportMichael Tyrone Katuramu--Michael Tyrone Katuramu--Michael Tyrone Katuramu--Michael Tyrone Katuramu--Unbecoming--894BrianKiminCoinmonks--Rishabh Agarwal--Nick Wignall--296Aliaksandr Kavalchuk--1Irene Aldridge--HelpStatusWritersBlogCareersPrivacyTermsAboutText to speechTeamsThe All I;CSS steht für Cascading Style Sheets. Es handelt sich um eine Stilsprache, die verwendet wird, um das Aussehen und das Layout von Webseiten zu definieren. Mit CSS kann man HTML-Elemente formatieren, wie zum Beispiel Schriftarten, Farben, Abstände und Hintergrundbilder festlegen. CSS ermöglicht es Entwicklern, das Design einer Webseite von der eigentlichen Inhaltsstruktur zu trennen, was die Wartung und Anpassung von Websites erleichtert.
INFO;2023-08-24 23:27:14,303;complete_message;try_0;123;FULL;202;82;3941;Kannst du mir folgende Frage beantworten:   Was ist HTML?  . Hier ist etwas Zusatzinformation und Hintergrundwissen zu der Frage:  almaktr. Gvenlik konusundaki hassasiyetimiz ve mteri odakl yaklammz sayesinde, Uygun SMS, SMS dorulama hizmetleri alannda tercih edilen bir marka haline gelmitir.https://uygunsms.com/sitemap.xml----En kaliteli ve profesyonel SEO hizmeti satn almak iin en doru adres: Wia SEOWia SEO--Wia SEO--Wia SEO--Wia SEO--Biruk Bogale--Anas Ibrahim--1Rocco PendolainCrows Feet--51Gwen Leigh--Abdul Qadir--Artem--HelpStatusWritersBlogCareersPrivacyTermsAboutText to speechTeams;HTML steht für Hypertext Markup Language und ist eine Auszeichnungssprache zur Strukturierung von Inhalten im World Wide Web. Mit HTML können Texte, Bilder, Links, Überschriften und andere Elemente innerhalb einer Webseite definiert und gestaltet werden. HTML wird von Webbrowsern interpretiert und ermöglicht es, Webseiten im Internet darzustellen.
INFO;2023-08-24 23:29:31,163;complete_message;try_0;123;FULL;156;126;5315;Kannst du mir folgende Frage beantworten:   Was ist Feedback?  . Hier ist etwas Zusatzinformation und Hintergrundwissen zu der Frage:  are you waiting for? Contact Rivet today and see how our expertise can take your business efficiency to the next level.----Asifa Adnan--Asifa Adnan--Asifa Adnan--Asifa Adnan--Love SharmainByteByteGo System Design Alliance--54Dmitry KruglovinBetter Programming--46Unbecoming--894Jacob BennettinLevel Up Coding--100The PyCoachinArtificial Corner--567The Coding DiariesinThe Coding Diaries--134HelpStatusWritersBlogCareersPrivacyTermsAboutText to speechTeams;Feedback ist eine Rückmeldung oder eine Reaktion auf eine Handlung, ein Produkt oder eine Leistung. Es kann mündlich, schriftlich oder nonverbal erfolgen und dient dazu, Verbesserungspotenziale aufzuzeigen, Stärken und Schwächen zu identifizieren oder Lob auszusprechen. Feedback kann sowohl positiv als auch negativ sein und wird häufig dazu verwendet, um eine kontinuierliche Weiterentwicklung oder Optimierung anzustreben. Es kann von Vorgesetzten, Kollegen, Kunden oder anderen Personen gegeben werden.
INFO;2023-08-24 23:31:05,247;complete_message;try_0;123;FULL;105;375;13194;Kannst du mir folgende Frage beantworten:   Was ist Java?  . Hier ist etwas Zusatzinformation und Hintergrundwissen zu der Frage:  C , System Programming and others .Girish Venkatachalam--Rishabh Agarwal--Madhan Chinnasamy--Ron KaminskyinOSINT TEAM--2Sandesh Shetty--Network N!nja--HelpStatusWritersBlogCareersPrivacyTermsAboutText to speechTeams;Java ist eine objektorientierte Programmiersprache, die Mitte der 1990er Jahre von James Gosling und seinem Team bei Sun Microsystems entwickelt wurde und heute von Oracle weiterentwickelt wird. Sie wurde für die plattformübergreifende Entwicklung von Anwendungen konzipiert, was bedeutet, dass Java-Anwendungen auf jeder Hardware oder jedem Betriebssystem ausgeführt werden können, solange eine Java Virtual Machine (JVM) vorhanden ist.  Java ist bekannt für seine einfache Syntax, die es Entwicklern ermöglicht, Code schnell zu schreiben und zu lesen. Es bietet auch eine Vielzahl von Bibliotheken und APIs, die die Entwicklung von Anwendungen erleichtern. Zudem ist Java eine sehr beliebte und weit verbreitete Programmiersprache, die in verschiedenen Bereichen wie Webentwicklung, mobiler App-Entwicklung, Big Data-Verarbeitung und IoT-Anwendungen eingesetzt wird.  Ein wichtiges Merkmal von Java ist die sogenannte Plattformunabhängigkeit. Das bedeutet, dass der Java-Code einmal geschrieben und dann auf verschiedenen Plattformen ausgeführt werden kann, ohne dass er für jede einzelne Plattform neu kompiliert werden muss. Dies wird durch die Java Virtual Machine ermöglicht, die den Java-Bytecode interpretiert und in nativen Maschinencode für die jeweilige Plattform übersetzt.  Java hat sich im Laufe der Jahre weiterentwickelt und bietet jetzt auch Funktionen wie Unterstützung für Multithreading, Ausnahmebehandlung, Generics und Lambda-Ausdrücke. Es ist eine weit verbreitete Programmiersprache, die von Millionen von Entwicklern weltweit verwendet wird.
INFO;2023-08-24 23:34:04,642;complete_message;try_0;123;FULL;153;39;2465;Kannst du mir folgende Frage beantworten:   What is an integer?  . Hier ist etwas Zusatzinformation und Hintergrundwissen zu der Frage:  for seamless, secure, and efficient communication. Whether youre an entrepreneur, a professional, or an individual seeking privacy and convenience, virtual numbers offer an innovative and dynamic solution for your communication needs.----Sergei--Sergei--Unbecoming--894Kenneth LeunginTowards Data Science--14Nick Wignall--42The PyCoachinArtificial Corner--567Tony StubblebineinThe Medium Blog--261Rocco PendolainCrows Feet--51HelpStatusWritersBlogCareersPrivacyTermsAboutText to speechTeams;Ein Integer ist eine ganze Zahl ohne Dezimalstellen. Es kann positive, negative oder nullwerte haben. Zum Beispiel sind 1, -5 und 0 Beispiele für Integer.
INFO;2023-08-24 23:37:58,497;complete_message;try_0;123;FULL;329;141;5711;Kannst du mir folgende Frage beantworten:   Was ist Objektorientierte Programmierung?  . Hier ist etwas Zusatzinformation und Hintergrundwissen zu der Frage:  Vlkerverstndigung, hiess es zur Begrndung im Bundesanzeiger. Wie Landesinnenminister Herbert Reul (CDU) Stunden spter im Innenausschuss des Landtages mitteilte, stnden die Funktionre des Vereins der Terror-Organisation Islamischer Staat (IS) nahe und vertrten eine salafistische Ideologie. Dabei bezeichnete der CDU-Politiker den Verein auch als Gewchshaus des Islamismus, das auch Rekrutierungsort fr das Abu Walaa-Netzwerk gewesen sei und die Ausreise von mindestens sieben Mnnern in das IS-Gebiet organisiert habe. Durchgesetzt wurde das Verbot mit Durchsuchungen in der Vereins-Moschee in der Dortmunder Nordstadt sowie in den Privatwohnungen einzelner Funktionre. Dabei wurden auch Datentrger sowie Vereinsvermgen beschlagnahmt.Die Verbotsverfgung umfasst auch Auftritte des Nurislam-Verein in den sozialen Medien. Mit dem Verbot ist die Bildung von Ersatzorganisationen ebenso untersagt wie mgliche Versuche, bestehende Organisationen so umzugestalten, dass diese als Ersatzorganisationen;Die objektorientierte Programmierung ist ein Programmierparadigma, bei dem Programme aus Objekten bestehen, die Daten (Attribute) und Methoden (Funktionen) enthalten. Diese Objekte können untereinander kommunizieren und interagieren, indem sie Nachrichten austauschen. Das Konzept der Vererbung ermöglicht es, bereits existierende Objekte als Grundlage für neue Objekte zu verwenden. Die objektorientierte Programmierung ermöglicht eine strukturierte und modulare Entwicklung von Software, was zu einer besseren Lesbarkeit, Wartbarkeit und Erweiterbarkeit des Codes führt.
INFO;2023-08-25 00:05:05,605;complete_message;try_0;123;FULL;223;71;3598;Kannst du mir folgende Frage beantworten:   What is functional programming?  . Hier ist etwas Zusatzinformation und Hintergrundwissen zu der Frage:  Chinmay ShringiFollow--ListenShareHello there, budding tech enthusiast! If youre reading this, chances are, youre a college student looking to delve into the fascinating world of operating systems. This article is designed as a comprehensive guide to provide an overview and deepen your understanding of operating systems, their components, functions, and more.At its core, an operating system (OS) is software that serves as the interface between the user and the hardware of a computer or a computing device. It manages hardware resources, enables user interaction, and provides a platform for other software applications to run.Operating systems play several vital roles:Lets now get a closer look at the essential components that make up an operating system:While there are numerous operating systems available, well focus on the four primary types:A hands-on approach is the best way to understand operating systems:Understanding operating systems might seem daunting at first, but remember that;functional programming is a programming paradigm that treats computation as the evaluation of mathematical functions and avoids changing state and mutable data. It focuses on creating programs by composing pure functions that do not have side effects. Functional programming languages include Haskell, Lisp, and Scala, among others. Some key concepts in functional programming include immutability, higher-order functions, and recursion.
INFO;2023-09-04 18:44:35,696;complete_message;try_0;123;FULL;157;67;3447;Kannst du mir folgende Frage beantworten:   what is prompt engineering?  . Hier ist etwas Zusatzinformation und Hintergrundwissen zu der Frage:  are you waiting for? Contact Rivet today and see how our expertise can take your business efficiency to the next level.----Asifa Adnan--Asifa Adnan--Asifa Adnan--Asifa Adnan--Love SharmainByteByteGo System Design Alliance--54Dmitry KruglovinBetter Programming--46Unbecoming--894Jacob BennettinLevel Up Coding--100The PyCoachinArtificial Corner--567The Coding DiariesinThe Coding Diaries--134HelpStatusWritersBlogCareersPrivacyTermsAboutText to speechTeams;Prompt engineering refers to a methodical and efficient approach to designing and implementing interactive voice response (IVR) systems. It involves the creation and execution of scripts and prompts that guide callers through various options and actions while using an IVR system. Prompt engineering aims to optimize the user experience, improve call flow, and enhance overall system performance.
INFO;2023-09-04 18:45:04,107;complete_message;try_0;123;FULL;111;298;12489;Kannst du mir folgende Frage beantworten:   give me an example for 5 programming languages  . Hier ist etwas Zusatzinformation und Hintergrundwissen zu der Frage:  C , System Programming and others .Girish Venkatachalam--Rishabh Agarwal--Madhan Chinnasamy--Ron KaminskyinOSINT TEAM--2Sandesh Shetty--Network N!nja--HelpStatusWritersBlogCareersPrivacyTermsAboutText to speechTeams;Ja, ich kann dir Beispiele für 5 Programmiersprachen geben:  1. C: Eine weit verbreitete und mächtige Programmiersprache, die für systemnahe Programmierung verwendet wird. Sie ermöglicht die effiziente Nutzung von Hardwareressourcen. 2. Java: Eine objektorientierte Programmiersprache, die für unterschiedliche Anwendungsbereiche, wie z.B. Webentwicklung und mobile Anwendungen, eingesetzt wird. 3. Python: Eine einfach zu erlernende Programmiersprache, die für ihre leichte Lesbarkeit und Vielseitigkeit bekannt ist. Python wird für Webentwicklung, wissenschaftliches Rechnen und Automatisierung verwendet. 4. JavaScript: Eine Skriptsprache, die hauptsächlich für die Entwicklung von interaktiven Websites und Webanwendungen verwendet wird. Sie ermöglicht die Steuerung des Verhaltens von Webseiten. 5. Ruby: Eine elegante und benutzerfreundliche Programmiersprache, die für ihre klare und lesbare Syntax bekannt ist. Ruby wird hauptsächlich in der Webentwicklung und für die Erstellung von Skripten verwendet.  Diese sind nur einige Beispiele für Programmiersprachen, und es gibt noch viele weitere verfügbare Sprachen mit unterschiedlichen Eigenschaften und Verwendungszwecken.
INFO;2023-09-06 00:39:16,765;complete_message;try_0;123;FULL;243;311;13043;Kannst du mir folgende Frage beantworten:   Was ist requirements engineering?  . Hier ist etwas Zusatzinformation und Hintergrundwissen zu der Frage:  SystemsThere are many different operating systems in use today, each with its own unique features and characteristics. Some examples of popular operating systems include:ConclusionOperating systems are a critical component of modern computing. They provide a platform for applications to run on, manage system resources such as memory and processing power, and ensure the security and stability of the system. There are many different operating systems in use today, each with its own unique features and characteristics. Understanding the components and role of operating systems is essential for anyone involved in the development or management of computer systems.----Tech, Writer, IT SupportMichael Tyrone Katuramu--Michael Tyrone Katuramu--Michael Tyrone Katuramu--Michael Tyrone Katuramu--Unbecoming--894BrianKiminCoinmonks--Rishabh Agarwal--Nick Wignall--296Aliaksandr Kavalchuk--1Irene Aldridge--HelpStatusWritersBlogCareersPrivacyTermsAboutText to speechTeamsThe All I;Requirements engineering ist ein Prozess, bei dem die Anforderungen an ein System oder eine Software erfasst, dokumentiert, analysiert, validiert und verwaltet werden. Es beinhaltet die Zusammenarbeit zwischen allen beteiligten Stakeholdern, um sicherzustellen, dass die Anforderungen richtig verstanden und angemessen umgesetzt werden.  Im Rahmen des Requirements Engineering werden Anforderungen in verschiedenen Formen erfasst, wie zum Beispiel Anforderungsdokumente, Use Cases, Prototypen oder User Stories. Diese Anforderungen werden dann analysiert, um ihre Vollständigkeit, Konsistenz und Realisierbarkeit zu überprüfen. Anschließend werden sie validiert, um sicherzustellen, dass sie die Bedürfnisse und Erwartungen der Stakeholder erfüllen. Zudem werden die Anforderungen verwaltet, um Änderungen und Aktualisierungen während des gesamten Entwicklungsprozesses zu verfolgen und zu verwalten.  Requirements Engineering spielt eine entscheidende Rolle bei der Entwicklung von Software und Systemen, da eine klare und präzise Erfassung der Anforderungen sicherstellt, dass das Endprodukt den Erwartungen und Bedürfnissen der Benutzer entspricht. Es hilft auch bei der Vermeidung von Fehlern und Missverständnissen während des Entwicklungsprozesses.
INFO;2023-09-06 00:42:13,308;complete_message;try_0;123;FULL;195;137;5888;Kannst du mir folgende Frage beantworten:   Was ist Javascript  . Hier ist etwas Zusatzinformation und Hintergrundwissen zu der Frage:  its a progressive journey. Take your time, explore, and experiment. With perseverance and patience, youll find yourself becoming increasingly comfortable with the subject. Good luck on your journey into the heart of your computer!----Full-stack developer turning coffee into code. Github: ChinmayShringi Insta: chinmay_shringiChinmay Shringi--Chinmay Shringi--Chinmay Shringi--Chinmay Shringi--1Sunny Raajput--6Nick Wignall--42Margaret PaninBooks Are Our Superpower--47Barr MosesinTowards Data Science--6Echo YininWomen in Technology--Shivam Kumar--HelpStatusWritersBlogCareersPrivacyTermsAboutText to speechTeams;Ja, ich kann dir die Frage beantworten. JavaScript ist eine Programmiersprache, die hauptsächlich für die Entwicklung von interaktiven Webseiten verwendet wird. Mit JavaScript können Entwickler Funktionen, Animationen, Dynamik und Interaktionen auf einer Webseite hinzufügen, um sie ansprechender und benutzerfreundlicher zu gestalten. JavaScript kann sowohl auf der Client-Seite (im Webbrowser) als auch auf der Server-Seite (mit Node.js) ausgeführt werden. Es ist eine weit verbreitete Sprache im Webentwicklungsumfeld und wird von den meisten modernen Browsern unterstützt.
INFO;2023-09-06 02:09:52,996;complete_message;try_0;123;FULL;195;359;15229;Kannst du mir folgende Frage beantworten:   Was ist Javascript?  . Hier ist etwas Zusatzinformation und Hintergrundwissen zu der Frage:  its a progressive journey. Take your time, explore, and experiment. With perseverance and patience, youll find yourself becoming increasingly comfortable with the subject. Good luck on your journey into the heart of your computer!----Full-stack developer turning coffee into code. Github: ChinmayShringi Insta: chinmay_shringiChinmay Shringi--Chinmay Shringi--Chinmay Shringi--Chinmay Shringi--1Sunny Raajput--6Nick Wignall--42Margaret PaninBooks Are Our Superpower--47Barr MosesinTowards Data Science--6Echo YininWomen in Technology--Shivam Kumar--HelpStatusWritersBlogCareersPrivacyTermsAboutText to speechTeams;Ja, natürlich kann ich dir die Frage beantworten!  JavaScript (oft abgekürzt als JS) ist eine Programmiersprache, die hauptsächlich für die Entwicklung von interaktiven und dynamischen Webseiten verwendet wird. Sie wurde ursprünglich als Skriptsprache für einfache Manipulationen von HTML verwendet, hat aber im Laufe der Zeit erheblich an Popularität gewonnen und wurde zu einer leistungsstarken und vielseitigen Sprache.  Mit JavaScript können Entwickler Funktionen und Aktionen auf Webseiten hinzufügen, beispielsweise Formulare überprüfen, Benutzereingaben verarbeiten, die Darstellung von Inhalten ändern oder Animationen erstellen. Es ermöglicht auch die Kommunikation mit dem Server, um Daten abzurufen oder zu senden, ohne die gesamte Seite neu laden zu müssen.  JavaScript wird vom Browser interpretiert und ausgeführt, wodurch es möglich ist, das Verhalten einer Webseite in Echtzeit zu ändern. Es wird häufig in Verbindung mit HTML und CSS verwendet, um die Funktionalität und das Erscheinungsbild von Webseiten zu verbessern.  Darüber hinaus wird JavaScript auch außerhalb von Webseiten immer häufiger verwendet. Mit Frameworks wie Node.js kann JavaScript jetzt auch serverseitig ausgeführt werden, was es Entwicklern ermöglicht, auch Backend-Systeme und Anwendungen zu erstellen.  Insgesamt ist JavaScript eine sehr wichtige Programmiersprache für die Entwicklung des modernen Webs und wird von Millionen von Entwicklern weltweit verwendet.
INFO;2023-09-06 02:13:39,880;complete_message;try_0;123;FULL;240;198;8737;Kannst du mir folgende Frage beantworten:   Was ist Software Entwicklung?  . Hier ist etwas Zusatzinformation und Hintergrundwissen zu der Frage:  SystemsThere are many different operating systems in use today, each with its own unique features and characteristics. Some examples of popular operating systems include:ConclusionOperating systems are a critical component of modern computing. They provide a platform for applications to run on, manage system resources such as memory and processing power, and ensure the security and stability of the system. There are many different operating systems in use today, each with its own unique features and characteristics. Understanding the components and role of operating systems is essential for anyone involved in the development or management of computer systems.----Tech, Writer, IT SupportMichael Tyrone Katuramu--Michael Tyrone Katuramu--Michael Tyrone Katuramu--Michael Tyrone Katuramu--Unbecoming--894BrianKiminCoinmonks--Rishabh Agarwal--Nick Wignall--296Aliaksandr Kavalchuk--1Irene Aldridge--HelpStatusWritersBlogCareersPrivacyTermsAboutText to speechTeams;Softwareentwicklung ist der Prozess der Erstellung, Implementierung und Wartung von Softwareprogrammen. Es umfasst alle Aktivitäten, die zur Entwicklung einer funktionsfähigen Software führen, einschließlich der Konzeption, Planung, Programmierung, Testing und Dokumentation. Softwareentwickler verwenden verschiedene Programmier- und Entwicklungswerkzeuge, um hochwertige Software zu erstellen, die den Anforderungen und Bedürfnissen der Benutzer entspricht. Der Prozess umfasst auch die kontinuierliche Verbesserung und Aktualisierung der Software, um sicherzustellen, dass sie fehlerfrei läuft und den sich ändernden Anforderungen gerecht wird. Softwareentwicklung ist ein wichtiger Bereich in der Informationstechnologie und spielt eine entscheidende Rolle in nahezu allen Branchen und Bereichen des Lebens.
INFO;2023-09-06 02:16:04,640;complete_message;try_0;123;FULL;257;273;11205;Kannst du mir folgende Frage beantworten:   Was ist Software Engineering?  . Hier ist etwas Zusatzinformation und Hintergrundwissen zu der Frage:  Tarokh YaghoubiFollow--ListenShareTarokh Yaghoubi  JacobWhere Linux starts is the end of other things , no no let me do not exaggerate . Actually Linuxs revolution was completely by accident .At 3 November 1971 , A company called AT&T began developing an operating system to be able to develop applications for hardware . AT&T used to provide telephony services that time . They called the operating system UNIX . One of the developers working on that OS was Dennis Ritchie ; the creator of the C programming language and one of his friends and co-workers Mr.Thompson , they did develop the Unix Operating system with C programming language on the PDP-7 Computers (Because Mr.Thompson was satisfied with that computer) .When UNIX was developed , it was something new and yummy to other companies and geeks as they started using the source and forked UNIX to re-build some new UNIX-Like Operating Systems , as a matter of fact ( Solaris , BSD , MAC ) are UNIX-fork operating systems .UNIX ruined;Meine Antwort auf deine Frage:  Software Engineering ist ein Fachgebiet, das sich mit dem Entwurf, der Entwicklung und dem Management von Software beschäftigt. Es beinhaltet die Anwendung von wissenschaftlichen Prinzipien, Techniken und Werkzeugen, um hochwertige Software zu erstellen.  Software Engineering umfasst verschiedene Aspekte, darunter die Anforderungsdefinition, das Design, die Programmierung, das Testen, die Wartung und das Projektmanagement. Es beinhaltet auch die Verwendung von bestimmten Methoden und Prozessen, um sicherzustellen, dass die Software effizient, zuverlässig und sicher ist.  Das Ziel des Software Engineerings ist es, Software-Systeme zu entwickeln, die den Bedürfnissen der Benutzer entsprechen, kosteneffizient sind und qualitativ hochwertig sind. Software Engineers verwenden häufig verschiedene Programmiersprachen, Entwicklungsumgebungen und Technologien, um ihre Aufgaben zu erfüllen.  Es ist wichtig zu beachten, dass Software Engineering nicht nur das Programmieren von Code umfasst, sondern ein umfassender Ansatz ist, der die gesamte Lebenszyklus- und Entwicklungsprozesse von Software abdeckt.
INFO;2023-09-06 02:19:52,760;complete_message;try_0;123;FULL;156;143;7207;Kannst du mir folgende Frage beantworten:   Was ist Code?  . Hier ist etwas Zusatzinformation und Hintergrundwissen zu der Frage:  are you waiting for? Contact Rivet today and see how our expertise can take your business efficiency to the next level.----Asifa Adnan--Asifa Adnan--Asifa Adnan--Asifa Adnan--Love SharmainByteByteGo System Design Alliance--54Dmitry KruglovinBetter Programming--46Unbecoming--894Jacob BennettinLevel Up Coding--100The PyCoachinArtificial Corner--567The Coding DiariesinThe Coding Diaries--134HelpStatusWritersBlogCareersPrivacyTermsAboutText to speechTeams;Code ist eine Sammlung von Anweisungen, die in einer bestimmten Programmiersprache geschrieben sind und von einem Computer ausgeführt werden können. Es ist eine Möglichkeit, dem Computer mitzuteilen, welche Aktionen er durchführen soll. Code kann verschiedene Arten von Aufgaben erledigen, wie zum Beispiel das Steuern von Hardware, das Manipulieren von Daten oder das Durchführen von Berechnungen. Der Code wird von Programmierern geschrieben und kann in vielen verschiedenen Sprachen wie C++, Java, Python oder JavaScript verfasst sein. Er ist das grundlegende Werkzeug, um Softwareanwendungen und Computerprogramme zu erstellen.
INFO;2023-09-07 21:27:49,645;complete_message;try_0;123;FULL;271;105;3731;Kannst du mir folgende Frage beantworten:   What is Kubernetes?  . Hier ist etwas Zusatzinformation und Hintergrundwissen zu der Frage:  SD Muhammadiyah KronggahanFollow--ListenShareSD Muhammadiyah Kronggahan, Sleman Regency made a mini SDMK TV studio. It is known, SDMK TV is an abbreviation for SD Muhammadiyah Kronggahan and the mini-studio was created on (2/02/2022).Distance Learning (PJJ), better known as online learning, is currently being carried out in most schools and universities. This is because education must continue amid the Covid-19 pandemic. Therefore, an online learning system is also carried out to minimize the spread of the virus, and knowledge is still conveyed.The Principal of SD Muhammadiyah Kronggahan, Rini Rulistiawati, said that the formation of a mini-studio was welcomed by teachers as well as students. This mini studio is used for online learning activities so that teachers and students can experience learning that is not monotonous, as if learning face to face, content that has been created in the mini-studio will be uploaded via YouTube channels, anchor, and Spotify, every learning material to;Kubernetes is an open-source platform for automating the deployment, scaling, and management of containerized applications. It provides a container orchestration framework, allowing users to manage, scale, and automate the deployment of containers across clusters of hosts. Kubernetes simplifies the management and operation of applications by providing various features such as automatic scaling, load balancing, self-healing, storage orchestration, and many others. It is widely used in the field of cloud computing and has become a key technology for managing containerized applications at scale.
INFO;2023-09-08 15:27:35,956;complete_message;try_1_roleprompting;123;FULL;1642;63;3967;You are a computer science teacher very well versed in your subject.Answer this question exactly and only, in maximum 5 sentences:   What is Requirements Engineering?  Answere in english! To answer this question, you have acquired the following additional knowledge and background, use it in your answer if possible:   viewpoint horizontally open a ﬁle in a new buﬀer and split  viewpoint vertically edit all ﬁles as vertical viewports edit all buﬀers as tabs move to next tab move to previous tab split viewport horizontally split viewport vertically switch viewports quit a viewport exchange current viewport with next  one make all viewports equal height and  widthjump to the next instance of a word jump to the previous instance of a  word search forward for the speciﬁed  pattern search backward for the speciﬁed  pattern repeat the search in the same  direction repeat the search in the opposite  directiondd / D dw #dd / d#d :#,#d :%d :.,$d dgg :g /pattern/d :g!/pattern/d :g/^$/ddelete a single line delete a single word delete multiple lines delete a range of lines delete all lines delete from current line to the end of  ﬁle delete from current line to the  beggining of ﬁle delete lines containing a speciﬁed  pattern delete lines that don't contain a  speciﬁed pattern delete all blank linesy d p u Uyank (copy) the marked text delete (cut) the marked text paste the text after the cursor change the marked text to lowercase change the marked text to uppercase :colorscheme [colorscheme_name] :colorscheme [space]+Ctrl+dchange to  speciﬁed scheme list available Vim  color scheme  Vim Commands Cheat Sheet MarkingMo ving Moving by Screens Inserting E diting Undoing/Redoing Deleting Visual CommandsMarks and Jumps Multiple Files * # / pattern ?pattern n N Macros Color Schemes SearchingC opying Cutting Pasting h  j k l #h  [j/k/l] b / B w / W e / E   0 (zero)  $  ^ #G / #gg / :#move cursor left move cursor down move cursor up move cursor right move in a speciﬁed direction multiple  times move to the start of a word / token move to the start of the next word /  token move to the end of a word / token jump to the beginning of line jump to the end of line jump to the ﬁrst (non-blank) character  of line move to a speciﬁed line number  (replace # with the line number)i  I a  A o  O ea Escswitch to insert mode before the cursor insert text at the beggining of the line switch to insert mode after the cursor insert text at the end of the line open a new line below the current one open a new line above the current one insert text at the end of the word exit insert modeyy #yy yaw yiw y$ y^ ytx yfxcopy an entire line copy the speciﬁed number of lines copy a word with its trailing whitespace copy a word without its trailing  white-space copy everything right of the cursor copy everything left of the cursor copy everything between the cursor  and a speciﬁed character (x) copy everything between the cursor  and a speciﬁed character (including that  character)m[a-z] m[a-z] `a `y`a `. `" `0 `` :marks :jumps :changes Ctrl+i Ctrl+o g, g;marking text using character mode  [from a to z] mark lines using line mode [from a to z] jump to position marked a yank text to position marked a jump to last change in ﬁle jump to last edit in ﬁle jump to position where Vim was last  existed jump to last jump list all marks list all jumps list all changes move to next instance in jump list move to previous instance in jump list move to next instance in change list move to previous instance in change listr cc C / c$ cw s J gJ .replace a single character (+ return to  command mode) replace entire line (+ move into insert  mode) replace from cursor to the end of line replace from cursor to the end of the  word delete a character (+ move into insert  mode) merge with line below, separated with a  single space merge with line below, with no space  between repeat last commanddd #dd d$cut the entire line cut a speciﬁed number of lines everything right of the cursor p Ppaste text after the cursor paste text before the cursorqa q @a @@record macro a stop recording macro run macro a run last macro againCtrl+b  Ctrl+f Ctrl+d Ctrl+u Ctrl+e Ctrl+y Ctrl+o Ctrl+i H M Lmove back one full screen move forward one full screen move forward 1/2 a screen move back 1/2 a screen move screen down one line (without  moving cursor) move screen up one line (without  moving cursor) move backward through the jump  history move forward through the jump  history move to the top of the screen move to the middle of the screen move to the bottom of the screenu / :u / :undo #u U Ctrl+r #Ctrl+r :undolistundo changes made in last entry undo multiple changes undo latest changes in line redo the last undone entry redo multiple changes list undo branchesv V Ctrl+v o aw ab aB at ib iB itmarking text using character mode mark lines using line mode mark text using block mode move from one end of the marked text  to the other mark a word mark a block with () mark a block with {} mark a block with <> mark inner block () mark inner block {} mark inner block <>:e ﬁle_name :bn :bp :bd :b# :b ﬁle_name :ls :sp ﬁle_name :vs ﬁle_name :vert ba :tab ba gt gT Ctrl+ws Ctrl+wv Ctrl+ww Ctrl+wq Ctrl+wx Ctrl+=open a ﬁle in a new buﬀer move to next buﬀer go back to previous buﬀer close buﬀer  move to the speciﬁed buﬀer (by  number) move to the speciﬁed buﬀer (by name) list all buﬀers open a ﬁle in a new buﬀer and split  viewpoint horizontally open a ﬁle in a new buﬀer and split  viewpoint vertically edit all ﬁles as vertical viewports edit all buﬀers as tabs move to next tab move to previous tab  ;Requirements Engineering is the process of gathering, documenting, and managing the requirements for a software system. It involves identifying the needs and expectations of stakeholders, analyzing and prioritizing requirements, and ensuring their correctness, completeness, and consistency. The information and background provided do not seem to be relevant to the definition of Requirements Engineering.
INFO;2023-09-08 15:27:59,728;complete_message;try_1_roleprompting;123;FULL;1645;132;4922;You are a computer science teacher very well versed in your subject.Answer this question exactly and only, in maximum 5 sentences:   Give me five reasons for Requirements Engineering  Answere in english! To answer this question, you have acquired the following additional knowledge and background, use it in your answer if possible:   Vim Commands Cheat Sheet MarkingMo ving Moving by Screens Inserting E diting Undoing/Redoing Deleting Visual CommandsMarks and Jumps Multiple Files * # / pattern ?pattern n N Macros Color Schemes SearchingC opying Cutting Pasting h  j k l #h  [j/k/l] b / B w / W e / E   0 (zero)  $  ^ #G / #gg / :#move cursor left move cursor down move cursor up move cursor right move in a speciﬁed direction multiple  times move to the start of a word / token move to the start of the next word /  token move to the end of a word / token jump to the beginning of line jump to the end of line jump to the ﬁrst (non-blank) character  of line move to a speciﬁed line number  (replace # with the line number)i  I a  A o  O ea Escswitch to insert mode before the cursor insert text at the beggining of the line switch to insert mode after the cursor insert text at the end of the line open a new line below the current one open a new line above the current one insert text at the end of the word exit insert modeyy #yy yaw yiw y$ y^ ytx yfxcopy an entire line copy the speciﬁed number of lines copy a word with its trailing whitespace copy a word without its trailing  white-space copy everything right of the cursor copy everything left of the cursor copy everything between the cursor  and a speciﬁed character (x) copy everything between the cursor  and a speciﬁed character (including that  character)m[a-z] m[a-z] `a `y`a `. `" `0 `` :marks :jumps :changes Ctrl+i Ctrl+o g, g;marking text using character mode  [from a to z] mark lines using line mode [from a to z] jump to position marked a yank text to position marked a jump to last change in ﬁle jump to last edit in ﬁle jump to position where Vim was last  existed jump to last jump list all marks list all jumps list all changes move to next instance in jump list move to previous instance in jump list move to next instance in change list move to previous instance in change listr cc C / c$ cw s J gJ .replace a single character (+ return to  command mode) replace entire line (+ move into insert  mode) replace from cursor to the end of line replace from cursor to the end of the  word delete a character (+ move into insert  mode) merge with line below, separated with a  single space merge with line below, with no space  between repeat last commanddd #dd d$cut the entire line cut a speciﬁed number of lines everything right of the cursor p Ppaste text after the cursor paste text before the cursorqa q @a @@record macro a stop recording macro run macro a run last macro againCtrl+b  Ctrl+f Ctrl+d Ctrl+u Ctrl+e Ctrl+y Ctrl+o Ctrl+i H M Lmove back one full screen move forward one full screen move forward 1/2 a screen move back 1/2 a screen move screen down one line (without  moving cursor) move screen up one line (without  moving cursor) move backward through the jump  history move forward through the jump  history move to the top of the screen move to the middle of the screen move to the bottom of the screenu / :u / :undo #u U Ctrl+r #Ctrl+r :undolistundo changes made in last entry undo multiple changes undo latest changes in line redo the last undone entry redo multiple changes list undo branchesv V Ctrl+v o aw ab aB at ib iB itmarking text using character mode mark lines using line mode mark text using block mode move from one end of the marked text  to the other mark a word mark a block with () mark a block with {} mark a block with <> mark inner block () mark inner block {} mark inner block <>:e ﬁle_name :bn :bp :bd :b# :b ﬁle_name :ls :sp ﬁle_name :vs ﬁle_name :vert ba :tab ba gt gT Ctrl+ws Ctrl+wv Ctrl+ww Ctrl+wq Ctrl+wx Ctrl+=open a ﬁle in a new buﬀer move to next buﬀer go back to previous buﬀer close buﬀer  move to the speciﬁed buﬀer (by  number) move to the speciﬁed buﬀer (by name) list all buﬀers open a ﬁle in a new buﬀer and split  viewpoint horizontally open a ﬁle in a new buﬀer and split  viewpoint vertically edit all ﬁles as vertical viewports edit all buﬀers as tabs move to next tab move to previous tab  viewpoint horizontally open a ﬁle in a new buﬀer and split  viewpoint vertically edit all ﬁles as vertical viewports edit all buﬀers as tabs move to next tab move to previous tab split viewport horizontally split viewport vertically switch viewports quit a viewport exchange current viewport with next  one make all viewports equal height and  widthjump to the next instance of a word jump to the previous instance of a  word search forward for the speciﬁed  pattern search backward for the speciﬁed  pattern repeat the search in the same  direction repeat the search in the opposite  directiondd / D dw #dd / d#d :#,#d :%d :.,$d dgg :g /pattern/d :g!/pattern/d :g/^$/ddelete a single line delete a single word delete multiple lines delete a range of lines delete all lines delete from current line to the end of  ﬁle delete from current line to the  beggining of ﬁle delete lines containing a speciﬁed  pattern delete lines that don't contain a  speciﬁed pattern delete all blank linesy d p u Uyank (copy) the marked text delete (cut) the marked text paste the text after the cursor change the marked text to lowercase change the marked text to uppercase :colorscheme [colorscheme_name] :colorscheme [space]+Ctrl+dchange to  speciﬁed scheme list available Vim  color scheme  ;Requirements Engineering is important for several reasons. Firstly, it helps to ensure that the software development process starts with a clear understanding of what needs to be built, minimizing the risk of building the wrong thing. Secondly, it facilitates effective communication and collaboration between stakeholders, including developers, designers, and end users. Thirdly, it helps to identify and prioritize the most critical features and functionalities, ensuring that resources are allocated efficiently. Fourthly, it helps to manage and control changes throughout the development process, reducing the risk of scope creep. Lastly, it helps to ensure that the developed software meets the needs and expectations of the end users, ultimately leading to higher customer satisfaction.
INFO;2023-09-08 16:37:12,192;complete_message;try_1_roleprompting;123;FULL;902;231;9165;You are a computer science teacher very well versed in your subject.Answer this question exactly and only, in maximum 5 sentences:   Give me five reasons for requirements engineering  Answere in english! To answer this question, you have acquired the following additional knowledge and background, use it in your answer if possible:   advanced functionality such as design Sharepoint sites etc. This story would look something like As a power user, I want to manage posts in SharepointWhatThis part of the phrase states what is desired as in What it is they want. In my previous Who section the power user wanted to manage posts. Therefore that user profile (Power User) would need or require the ability to CRUD as in Create, Read, Update and Delete posts.WhyThis is where we realise the value of the story or the purpose of the function and how it affects the user. For example earlier i mentioned As a power user, I want to manage posts in Sharepoint. Now lets add a final clause to explain why. As a power user, I want to manage posts in Sharepoint so that I can make amendments where necessary.so why dont you give it a go when you are trying to define requirements of a delivery solution or anything for that matter? Its particularly good for when you are working with teams and want to talk things through or whiteboard.Why not  advanced functionality such as design Sharepoint sites etc. This story would look something like As a power user, I want to manage posts in SharepointWhatThis part of the phrase states what is desired as in What it is they want. In my previous Who section the power user wanted to manage posts. Therefore that user profile (Power User) would need or require the ability to CRUD as in Create, Read, Update and Delete posts.WhyThis is where we realise the value of the story or the purpose of the function and how it affects the user. For example earlier i mentioned As a power user, I want to manage posts in Sharepoint. Now lets add a final clause to explain why. As a power user, I want to manage posts in Sharepoint so that I can make amendments where necessary.so why dont you give it a go when you are trying to define requirements of a delivery solution or anything for that matter? Its particularly good for when you are working with teams and want to talk things through or whiteboard.Why not  Yaroslav DobroskokFollow--ListenShareProbably youve heard about non-functional requirements (aka NFRs) before. I have also encountered this concept several times at the beginning of my path. However, when someone explained to me what the non-functional requirements are  it seemed understandable, but still unclear:OK, so what? Should I use them in my daily work somehow or is it just a theoretical thing to know? And it took several years of experience for me to come up with the answer. Heres the definition:If you think of functional requirements as those that define what a system is supposed to do, non-functional requirements (NFRs) define constraints which affect how the system should do it.It is much easier to understand the non-functional requirements (NFRs) through comparison with functional requirements. Lets compare.Functional Requirements Examples:Non-Functional Requirements Examples:So, what we see here is that NFRs are the requirements that cover the Quality Attributes  (-ities).Heres the list of the most popular quality attributes for the software systems:You can find the full list of quality attributes here.Who is responsible for writing the NFRs?Usually, the Software Architect is responsible for defining the NFRs. Together with the customer, business analyst, UX designer, and technical lead they should come up with a reasonable list of the NFRs.Should the functional requirements depend on the NFRs?Definitely. You can think of NFRs as a Constitution and the FRs as laws. Each functional requirement should be written in a way to not contradict any of the NFRs.Should the NFRs be tested?Yes, NFRs definitely should be tested. Despite testing all the NFRs together with the functional features testing is ideal  it is always too much time-consuming in practice. So the best choice here could be to create a regular process of non-functional testing. For example, right after the regression testing or once in a period (month, quarter, year).How to accelerate  ;the requirements engineering process? 1. Clear communication: Requirements engineering helps ensure clear and effective communication between stakeholders, including developers, designers, and clients. This helps to prevent misunderstandings and ensures that everyone is on the same page regarding project goals and objectives. 2. Improved project outcomes: By accurately defining and documenting requirements, requirements engineering helps to improve the outcomes of projects. It provides a foundation for project planning, estimating, and tracking progress, ultimately leading to successful project delivery. 3. Risk management: Requirements engineering helps to identify potential risks and challenges early on in the project lifecycle. By analyzing requirements and anticipating possible issues, teams can proactively plan and mitigate risks, reducing the chances of project failures or delays. 4. Quality assurance: Through requirements engineering, teams can establish clear criteria for quality assurance. By defining specific requirements and acceptance criteria, teams can ensure that the final product meets the desired quality standards and customer expectations. 5. Change management: Requirements engineering facilitates effective change management by providing a structured approach to managing changes during the development process. By documenting and tracking requirements changes, teams can handle change requests in a controlled manner, minimizing disruption and maintaining project stability.
