INFO;2023-08-24 20:05:13,973;speed;try_0;123;TIME;1512
INFO;2023-08-24 20:05:37,369;speed;try_0;123;TIME;5087
INFO;2023-08-24 20:05:57,525;speed;try_0;123;TIME;6861
INFO;2023-08-24 20:39:35,498;speed;try_0;123;TIME;9386
INFO;2023-08-24 23:06:16,034;speed;try_0;123;TIME;9257
INFO;2023-08-24 23:12:07,404;speed;try_0;123;TIME;5718
INFO;2023-08-24 23:12:29,686;speed;try_0;123;TIME;5449
INFO;2023-08-24 23:14:39,092;speed;try_0;123;TIME;4921
INFO;2023-08-24 23:27:14,303;speed;try_0;123;TIME;3941
INFO;2023-08-24 23:29:31,163;speed;try_0;123;TIME;5315
INFO;2023-08-24 23:31:05,247;speed;try_0;123;TIME;13194
INFO;2023-08-24 23:34:04,642;speed;try_0;123;TIME;2465
INFO;2023-08-24 23:37:58,497;speed;try_0;123;TIME;5711
INFO;2023-08-25 00:05:05,605;speed;try_0;123;TIME;3598
INFO;2023-08-25 15:24:29,839;speed;try_0;123;TIME;210
INFO;2023-09-04 18:44:05,925;speed;try_0;123;TIME;616
INFO;2023-09-04 18:44:35,697;speed;try_0;123;TIME;3447
INFO;2023-09-04 18:45:04,107;speed;try_0;123;TIME;12489
INFO;2023-09-06 00:39:16,766;speed;try_0;123;TIME;13043
INFO;2023-09-06 00:42:13,308;speed;try_0;123;TIME;5888
INFO;2023-09-06 02:09:52,996;speed;try_0;123;TIME;15229
INFO;2023-09-06 02:13:39,880;speed;try_0;123;TIME;8737
INFO;2023-09-06 02:16:04,640;speed;try_0;123;TIME;11205
INFO;2023-09-06 02:19:52,760;speed;try_0;123;TIME;7207
INFO;2023-09-07 21:27:49,645;speed;try_0;123;TIME;3731
INFO;2023-09-08 15:27:35,957;speed;try_1_roleprompting;123;TIME;3967
INFO;2023-09-08 15:27:59,728;speed;try_1_roleprompting;123;TIME;4922
INFO;2023-09-08 16:37:12,192;speed;try_1_roleprompting;123;TIME;9166
