INFO;2023-08-24 20:05:13,973;tokens;try_0;123;TOKENS;178
INFO;2023-08-24 20:05:37,369;tokens;try_0;123;TOKENS;452
INFO;2023-08-24 20:05:57,525;tokens;try_0;123;TOKENS;272
INFO;2023-08-24 20:39:35,498;tokens;try_0;123;TOKENS;502
INFO;2023-08-24 23:06:16,033;tokens;try_0;123;TOKENS;501
INFO;2023-08-24 23:12:07,404;tokens;try_0;123;TOKENS;342
INFO;2023-08-24 23:12:29,686;tokens;try_0;123;TOKENS;343
INFO;2023-08-24 23:14:39,092;tokens;try_0;123;TOKENS;353
INFO;2023-08-24 23:27:14,303;tokens;try_0;123;TOKENS;284
INFO;2023-08-24 23:29:31,163;tokens;try_0;123;TOKENS;282
INFO;2023-08-24 23:31:05,247;tokens;try_0;123;TOKENS;480
INFO;2023-08-24 23:34:04,642;tokens;try_0;123;TOKENS;192
INFO;2023-08-24 23:37:58,497;tokens;try_0;123;TOKENS;470
INFO;2023-08-25 00:05:05,605;tokens;try_0;123;TOKENS;294
INFO;2023-09-04 18:44:35,696;tokens;try_0;123;TOKENS;224
INFO;2023-09-04 18:45:04,107;tokens;try_0;123;TOKENS;409
INFO;2023-09-06 00:39:16,765;tokens;try_0;123;TOKENS;554
INFO;2023-09-06 00:42:13,308;tokens;try_0;123;TOKENS;332
INFO;2023-09-06 02:09:52,995;tokens;try_0;123;TOKENS;554
INFO;2023-09-06 02:13:39,880;tokens;try_0;123;TOKENS;438
INFO;2023-09-06 02:16:04,640;tokens;try_0;123;TOKENS;530
INFO;2023-09-06 02:19:52,760;tokens;try_0;123;TOKENS;299
INFO;2023-09-07 21:27:49,645;tokens;try_0;123;TOKENS;376
INFO;2023-09-08 15:27:35,956;tokens;try_1_roleprompting;123;TOKENS;1705
INFO;2023-09-08 15:27:59,728;tokens;try_1_roleprompting;123;TOKENS;1777
INFO;2023-09-08 16:37:12,192;tokens;try_1_roleprompting;123;TOKENS;1133
